site,wildtype,AAA,AAC,AAG,AAT,ACA,ACC,ACG,ACT,AGA,AGC,AGG,AGT,ATA,ATC,ATG,ATT,CAA,CAC,CAG,CAT,CCA,CCC,CCG,CCT,CGA,CGC,CGG,CGT,CTA,CTC,CTG,CTT,GAA,GAC,GAG,GAT,GCA,GCC,GCG,GCT,GGA,GGC,GGG,GGT,GTA,GTC,GTG,GTT,TAA,TAC,TAG,TAT,TCA,TCC,TCG,TCT,TGA,TGC,TGG,TGT,TTA,TTC,TTG,TTT
1,ATG,2,0,7,1,1,2,0,1,1,1,2,1,4,1,8740,18,1,0,2,2,3,1,1,4,1,2,1,1,2,4,2,2,1,0,1,1,0,2,1,1,0,3,1,1,1,1,38,3,3,4,3,2,0,0,3,3,1,0,2,3,0,4,4,3
2,GCT,0,0,1,2,1,4,0,0,2,2,1,1,3,1,1,5,2,1,1,2,2,1,2,2,0,0,0,0,1,1,2,3,1,2,0,4,2,0,0,8826,0,1,0,0,0,0,0,0,0,0,0,1,0,1,1,4,1,1,0,2,4,1,0,1
3,GCT,9,2,1,2,3,1,3,8,2,2,1,1,3,2,1,4,1,2,0,2,1,0,2,2,1,1,2,1,3,2,0,4,4,1,1,2,1,2,0,8750,1,0,3,4,1,3,2,4,6,3,1,3,3,0,1,4,4,2,3,2,2,0,1,0
4,AGG,3,2,2,8,3,0,0,0,3,0,8774,3,3,1,13,0,2,3,2,1,1,1,0,1,3,2,1,0,0,0,1,3,4,2,2,3,1,0,0,1,1,1,4,1,1,2,2,1,2,1,1,3,1,3,3,1,1,2,2,1,0,2,3,3
5,CTG,3,0,6,2,2,4,1,2,3,2,3,3,1,4,8,4,1,4,2,0,0,1,3,1,0,1,8,0,11,1,8743,2,1,2,2,1,2,1,1,1,0,2,1,1,2,1,2,0,2,1,1,5,3,0,3,4,3,3,0,3,0,2,8,3
6,TAC,7,0,1,1,0,1,1,1,4,0,0,1,7,1,0,2,3,2,0,1,0,1,0,4,1,3,0,2,2,1,0,0,3,5,0,1,0,0,0,0,1,0,1,0,4,1,0,3,0,8798,3,6,4,0,2,2,2,4,1,1,2,5,1,1
7,TGC,1,3,5,2,2,1,0,1,3,1,4,0,0,0,2,4,1,0,1,0,0,0,1,1,0,0,0,2,1,1,0,1,0,0,0,2,0,2,0,1,2,1,0,1,0,1,0,3,1,8,1,0,0,0,0,0,1,8829,2,0,0,4,1,0
8,CAA,12,2,3,0,2,1,2,1,4,0,0,0,0,0,5,3,8786,0,0,4,0,0,0,1,2,0,3,1,2,0,1,1,1,1,0,1,0,0,1,0,0,0,0,1,0,2,2,1,7,1,0,1,2,2,1,2,6,3,0,1,2,3,3,5
9,CTG,2,1,0,0,0,0,3,0,0,0,2,0,2,0,2,0,1,0,1,0,0,0,0,2,0,1,1,1,4,2,8831,14,0,0,1,1,1,0,0,0,0,0,1,0,2,0,1,0,2,0,4,0,0,0,0,3,0,1,0,3,5,4,1,0
10,GAT,4,1,0,3,1,2,0,3,1,1,0,2,4,1,1,2,2,0,0,1,1,1,0,0,0,3,0,0,1,1,0,2,6,2,2,8793,0,2,1,2,0,1,1,4,1,1,6,2,2,2,1,12,0,1,0,0,1,0,1,1,1,3,2,6
11,CCT,4,1,0,4,0,1,1,11,4,0,0,1,4,5,0,3,2,1,3,9,4,1,4,8750,0,0,3,3,7,0,3,7,1,0,0,4,2,0,1,5,2,0,0,2,3,1,4,0,2,0,3,2,0,1,1,0,2,0,0,3,2,3,2,4
12,TCG,2,0,1,3,0,0,3,6,0,0,1,0,3,0,2,3,0,1,1,0,1,1,1,1,0,3,1,0,2,0,5,2,1,0,1,1,1,1,0,0,0,1,0,1,2,0,1,1,0,2,7,1,8,3,8798,10,0,2,2,1,1,1,6,2
13,CGG,3,1,2,0,0,0,0,0,1,0,2,0,1,0,1,0,2,0,2,0,0,0,1,1,1,2,8813,14,0,0,29,1,0,1,1,0,0,0,0,0,0,0,1,0,1,1,0,0,3,1,0,0,0,1,1,0,0,0,6,0,0,0,2,0
14,GAC,1,3,1,1,1,1,1,0,4,1,0,2,2,2,2,0,1,2,0,1,0,0,0,0,1,0,0,0,1,1,1,0,4,8812,1,8,0,2,2,0,0,3,0,0,1,3,0,1,1,13,0,0,1,1,0,3,0,4,0,0,0,0,5,0
15,GTC,0,0,0,0,0,0,0,0,4,1,0,0,1,4,1,2,0,0,0,0,0,2,1,0,0,1,0,0,0,3,0,0,4,0,0,2,0,1,0,0,0,1,0,0,2,8835,0,2,3,2,0,1,0,0,0,0,0,0,0,1,2,2,0,0
16,CTT,0,0,0,0,0,0,0,0,0,0,0,0,0,0,0,7,0,0,0,2,0,0,0,4,1,0,0,1,0,1,0,8808,0,0,0,0,0,0,0,0,0,0,0,0,0,0,0,5,0,1,0,1,0,0,0,0,0,0,0,0,0,0,0,2
17,TGT,0,0,0,0,0,0,0,0,0,0,0,0,0,0,0,0,0,0,0,0,0,0,0,0,0,0,0,0,0,0,0,0,0,0,0,0,0,0,0,0,0,0,0,0,0,0,0,0,0,0,0,0,0,0,0,0,0,1,0,8892,0,0,0,1
18,TTA,0,0,0,0,0,0,1,0,1,0,0,1,2,0,1,0,1,0,0,0,0,0,0,1,0,0,0,0,3,0,0,1,0,2,0,0,0,0,0,0,0,0,0,1,0,0,0,1,0,0,1,0,1,0,0,0,0,2,0,0,8859,2,0,5
19,CGT,0,0,1,2,0,0,0,0,2,1,1,5,1,1,0,0,1,2,0,6,2,1,0,3,4,0,2,8829,0,0,0,8,0,0,0,0,1,0,0,1,0,0,0,0,0,0,0,0,0,1,0,1,2,1,0,4,0,1,1,5,6,2,0,4
20,CCC,1,0,3,3,1,3,3,1,1,2,0,0,5,1,0,0,1,8,2,3,16,8798,1,4,2,1,2,0,0,2,1,0,0,1,0,0,0,0,0,4,0,1,2,0,0,2,0,1,5,5,0,2,1,4,0,0,1,0,3,0,0,2,1,3
21,GTC,2,1,1,1,0,0,0,2,1,0,0,0,4,11,0,1,0,0,0,0,0,0,2,2,0,0,0,1,0,2,1,1,2,2,0,2,1,3,0,1,1,0,0,0,8,8834,0,3,1,0,3,0,1,0,0,3,3,0,0,0,1,3,0,1
22,GGC,1,3,1,1,3,1,0,1,3,3,0,1,2,0,1,0,1,3,1,3,1,3,0,0,1,1,1,3,1,0,0,1,3,2,1,0,0,2,1,0,2,8803,3,5,2,5,0,1,1,3,0,0,3,1,0,3,0,7,2,2,3,0,3,7
23,GCT,3,0,0,1,0,3,2,9,2,2,1,1,4,3,4,2,2,0,0,0,0,0,1,2,1,0,0,1,1,0,0,3,2,0,2,4,1,8,2,8784,3,0,1,2,3,4,1,4,5,1,0,2,2,0,1,5,1,3,3,0,3,3,2,3
24,GAA,7,0,0,2,0,0,0,1,0,3,1,0,2,2,0,4,2,1,1,0,0,0,0,1,0,0,0,0,1,0,0,0,8810,3,3,4,4,2,0,1,1,0,0,3,0,2,0,1,23,0,1,2,2,0,2,0,1,0,0,2,2,1,1,3
25,TCC,0,1,0,0,0,3,0,0,0,1,0,2,1,2,0,2,0,1,0,0,4,1,0,1,1,0,0,0,0,2,0,1,2,1,0,0,0,1,0,1,0,1,0,0,0,0,0,2,1,7,0,2,7,8824,6,11,1,2,1,3,0,9,1,1
26,CGC,1,1,0,1,0,2,0,4,2,14,0,4,1,2,2,3,3,6,1,6,2,1,1,0,3,8779,1,2,4,9,1,0,3,0,1,1,0,0,0,1,0,1,3,0,2,2,1,0,0,3,2,5,0,2,1,0,0,4,4,1,3,0,2,3
27,GGA,2,4,2,2,3,0,0,1,2,5,2,0,0,0,2,2,0,0,2,0,1,0,0,2,1,1,1,1,0,2,0,0,8,0,0,0,0,2,0,2,8803,0,0,5,4,0,1,0,2,1,0,0,2,1,0,1,18,1,1,0,1,4,0,3
28,CGA,8,1,1,1,3,1,2,0,8,0,0,3,0,0,0,0,5,4,2,1,1,0,0,0,8811,1,1,2,12,1,2,1,1,5,1,0,2,1,0,0,1,0,0,0,0,0,3,0,5,1,0,2,2,0,2,0,4,0,0,1,0,1,0,1
29,CCC,3,1,0,0,0,2,2,6,2,1,0,0,2,6,0,0,5,7,1,3,15,8794,1,0,5,1,0,1,3,8,0,2,2,0,0,0,0,0,0,0,0,0,0,0,1,1,0,0,1,4,0,0,3,5,0,3,0,2,1,3,1,2,1,1
30,CTC,2,2,3,1,1,1,1,2,1,3,2,1,7,10,1,4,1,2,0,2,2,4,0,2,0,0,1,0,10,8757,2,12,3,3,1,1,3,3,0,2,0,2,1,0,3,2,0,2,3,2,0,4,2,6,3,1,4,2,1,1,5,4,0,6
31,TCG,2,0,0,1,0,0,2,0,0,0,3,0,0,1,2,0,0,0,0,0,0,0,3,0,0,0,0,0,1,0,0,0,2,0,0,0,0,0,0,0,1,0,0,0,0,0,0,1,3,0,5,1,1,1,8855,16,0,1,1,0,3,0,2,0
32,GGG,2,0,3,3,0,1,2,0,3,0,4,0,2,0,1,0,1,2,0,0,0,0,0,0,1,0,0,2,0,3,0,1,2,0,5,1,3,0,2,0,7,3,8788,1,1,0,9,3,2,2,7,0,2,0,2,0,2,2,22,2,4,1,2,1
33,CCG,3,0,4,0,1,0,3,1,0,0,0,0,0,0,3,0,0,0,8,1,6,1,8834,5,0,1,0,4,1,4,4,0,0,1,0,0,0,0,8,0,0,0,0,0,1,0,0,1,0,0,0,1,0,0,3,1,0,0,0,1,2,0,1,1
34,CTT,0,0,0,1,1,0,0,1,0,0,0,1,3,2,5,5,0,0,0,2,1,0,0,1,3,0,1,1,0,2,2,8853,0,2,0,0,0,0,0,0,1,2,0,0,2,0,0,1,0,0,2,0,0,0,0,2,0,0,0,0,2,2,0,2
35,GGG,5,1,0,0,2,1,2,2,1,0,1,0,4,2,6,3,0,0,3,4,0,2,0,1,2,0,0,0,0,0,2,0,4,0,6,1,2,0,2,1,3,0,8768,8,3,2,11,2,1,0,5,1,1,1,1,0,2,2,27,3,1,0,0,3
36,ACT,3,1,2,7,2,2,1,8781,1,1,1,3,6,2,3,13,3,0,0,2,1,1,0,2,0,4,0,2,3,0,4,2,1,0,0,0,2,1,0,6,0,0,1,1,0,1,1,3,2,1,1,3,1,3,2,5,3,1,0,5,1,1,0,5
37,CTC,0,1,0,0,1,1,0,1,0,0,0,0,0,6,0,0,0,0,0,5,0,4,0,2,0,1,0,0,13,8854,0,5,0,0,0,0,0,0,0,0,1,0,0,0,0,0,0,0,1,1,0,0,0,0,0,2,0,0,0,0,2,1,0,1
38,TCG,0,0,3,3,1,1,0,2,0,2,0,2,4,2,4,1,0,1,1,0,0,1,5,1,2,0,1,2,1,2,0,3,0,2,2,0,1,1,2,3,0,1,0,0,2,0,0,0,2,4,12,0,4,2,8796,7,1,1,1,2,0,3,6,2
39,TCC,1,1,1,4,1,1,0,2,1,0,0,2,0,1,1,0,1,2,0,2,0,9,0,1,0,0,0,0,1,0,2,2,1,2,1,1,2,2,0,0,0,0,0,1,1,0,1,3,1,6,1,2,7,8817,2,3,4,1,0,0,2,4,1,0
40,CCT,1,1,1,2,2,2,1,15,1,3,2,1,0,2,5,1,0,0,1,7,2,5,3,8794,1,0,0,1,4,3,0,2,1,1,1,1,2,0,0,3,0,1,0,1,1,0,0,3,3,0,0,0,1,1,0,2,4,2,1,3,0,0,2,4
41,TCT,0,3,0,6,1,2,1,2,0,2,0,0,0,3,0,0,2,3,2,1,0,1,2,3,1,0,1,1,0,0,0,3,0,3,1,1,0,0,0,2,1,0,0,6,6,2,2,1,6,0,0,8,5,2,0,8807,0,0,0,2,0,2,4,3
42,CCG,1,0,4,0,2,2,9,2,0,4,0,0,0,0,1,0,4,0,9,3,4,1,8782,6,0,1,3,2,1,2,4,7,0,1,2,4,1,3,2,0,1,0,0,2,0,2,0,1,5,2,2,0,2,1,3,3,6,1,5,2,0,1,1,0
43,TCT,0,6,0,0,3,2,1,1,1,0,2,4,1,1,0,1,0,3,0,4,0,1,1,4,2,0,0,3,1,1,0,3,3,3,0,2,1,0,0,5,2,1,1,1,0,0,2,4,0,3,1,6,9,6,2,8791,2,0,0,3,1,5,0,2
44,GCC,1,1,1,3,0,3,0,0,1,4,0,0,1,1,1,0,0,0,2,1,1,3,0,0,0,0,0,0,0,0,0,1,2,3,0,2,12,8835,0,3,0,2,0,0,3,1,0,0,1,2,1,0,0,3,1,0,0,0,0,1,2,0,0,2
45,GTT,0,1,0,2,4,1,0,1,0,0,0,0,0,0,0,12,0,2,0,0,0,0,0,2,0,0,0,2,1,1,0,12,4,3,2,1,2,3,0,4,1,0,0,2,2,0,1,8810,3,2,0,2,2,2,0,2,1,2,0,2,1,1,2,2
46,CCA,3,1,0,0,4,1,1,2,0,2,1,2,1,0,1,2,8,0,1,1,8807,0,1,6,1,0,0,4,5,2,0,2,3,0,0,3,4,1,0,2,1,0,0,0,1,0,1,0,2,1,0,2,3,7,0,1,1,1,0,3,4,2,0,4
47,GCC,4,6,1,3,3,6,0,4,3,1,1,5,1,0,1,3,1,8,1,2,2,1,0,1,1,1,0,0,2,0,0,2,4,4,1,8,7,8743,0,3,7,1,3,1,6,6,0,1,7,2,2,5,2,3,0,1,3,1,1,6,4,4,1,3
48,GAC,1,11,0,1,3,3,1,0,2,2,0,0,2,2,2,3,3,1,0,3,0,0,0,0,3,0,0,0,1,0,0,0,3,8782,2,3,0,0,1,3,3,0,1,0,4,0,0,1,6,24,0,1,2,1,1,1,3,0,0,2,2,4,1,11
49,CAC,3,14,2,4,1,0,1,2,0,1,0,2,1,3,0,3,5,8793,0,3,1,0,0,1,3,1,0,2,2,0,3,4,0,1,1,1,1,0,0,0,0,0,0,0,2,1,0,0,2,3,3,3,2,0,1,4,4,2,1,2,5,5,2,0
50,GGG,6,4,2,6,6,2,3,3,4,0,4,1,3,2,6,4,2,2,5,3,0,0,2,0,2,2,1,1,7,1,2,2,3,3,8,4,5,2,0,2,4,2,8675,1,6,2,24,3,3,5,1,3,1,2,2,5,4,1,20,4,4,6,2,4
51,GCG,1,2,2,0,0,0,6,0,2,0,1,0,0,0,0,0,1,1,1,1,0,0,1,0,2,2,2,0,1,1,1,0,2,2,1,0,7,2,8835,4,0,2,2,0,0,0,2,1,1,0,2,0,0,0,6,0,1,3,0,0,0,2,1,0
52,CAC,2,2,0,2,1,2,0,4,0,4,1,2,0,0,1,1,1,8820,1,2,4,0,1,1,0,3,1,1,0,2,1,1,1,1,0,1,1,0,0,0,0,0,0,0,1,0,1,0,5,8,0,3,2,2,0,0,3,1,0,3,4,0,0,0
53,CTC,3,4,0,5,1,1,2,4,3,3,3,2,2,8,0,2,5,1,2,1,1,1,0,0,0,0,0,0,4,8780,5,3,3,0,1,0,0,0,0,1,3,0,0,2,2,8,0,2,2,0,1,2,1,0,2,0,6,1,1,3,3,5,0,3
54,TCT,3,2,3,7,1,5,1,3,8,0,0,1,5,2,2,9,0,1,0,3,3,0,0,0,2,2,0,5,5,3,0,1,2,1,1,3,0,0,1,6,2,0,0,1,2,0,0,1,7,4,2,8,10,3,4,8734,1,0,1,8,3,6,5,5
55,TTA,7,0,0,0,3,0,1,2,1,1,0,3,0,3,2,7,1,1,0,7,1,1,0,1,1,0,1,1,3,0,1,3,2,2,3,3,4,1,1,0,1,0,0,2,2,2,2,0,3,2,7,7,1,1,1,4,3,1,2,4,8767,5,5,10
56,CGC,5,6,5,5,4,0,3,2,1,4,0,2,1,0,4,0,2,7,0,6,5,2,1,6,3,8746,1,7,5,3,0,3,0,1,0,1,0,2,3,4,0,3,1,1,2,2,0,4,2,3,1,4,6,4,2,1,1,2,1,1,4,1,4,5
57,GGT,1,0,0,3,0,0,0,0,2,0,0,7,2,0,0,1,2,0,0,4,0,0,0,0,0,0,0,1,0,0,0,2,0,0,0,4,0,1,0,1,0,1,0,8836,2,0,0,3,3,0,0,2,0,0,0,0,1,0,0,17,0,0,0,3
58,CTC,1,2,4,0,5,0,0,4,1,4,1,0,2,12,0,1,1,0,2,1,1,17,0,0,1,0,0,0,13,8780,0,9,1,1,0,2,0,1,0,1,0,2,0,1,0,2,0,2,1,5,0,3,0,4,0,0,0,0,1,1,2,3,2,4
59,CCC,0,2,1,4,0,8,0,1,1,1,0,1,6,1,2,0,0,15,0,0,21,8762,5,3,1,0,2,3,0,4,0,5,2,1,3,1,4,3,2,0,1,0,1,1,5,0,0,1,2,1,0,0,7,6,0,1,1,4,0,1,4,1,1,1
60,GTC,1,4,1,1,0,1,2,0,4,0,2,4,0,5,4,1,3,1,0,0,0,0,0,0,4,3,1,0,1,4,3,3,4,7,0,1,0,2,0,0,2,4,3,5,5,8783,1,5,3,3,0,2,2,0,0,0,4,1,0,1,4,1,4,1
61,TGT,2,2,1,7,1,0,1,1,2,0,0,1,2,4,2,3,3,4,1,2,1,0,1,0,3,0,0,7,1,1,1,2,4,0,1,3,4,1,2,2,0,0,0,1,4,1,5,2,1,2,2,8,1,0,1,5,3,6,2,8762,4,3,1,11
62,GCC,2,1,3,2,4,8,2,2,1,0,0,2,2,2,2,0,1,2,2,0,1,1,0,1,1,3,0,1,1,0,0,0,5,1,1,3,8,8787,4,4,4,4,1,0,3,2,0,1,5,1,0,1,2,4,2,1,1,2,2,4,2,1,1,1
63,TTC,8,3,1,1,1,3,0,2,1,4,2,1,3,5,5,0,3,4,0,3,2,0,2,0,1,0,0,0,3,4,1,4,1,2,2,0,1,5,0,0,2,1,1,4,3,1,2,4,4,6,1,6,6,0,2,5,4,1,1,3,4,8753,7,4
64,TCA,4,0,1,4,4,1,0,0,1,1,0,3,4,1,2,2,2,1,0,3,1,0,1,2,4,0,1,0,5,0,0,5,1,1,1,1,1,1,2,1,1,1,0,2,0,4,1,1,20,3,1,3,8778,1,5,2,4,0,0,4,1,2,2,4
65,TCT,2,0,1,5,1,6,0,7,0,1,1,0,1,2,0,0,1,0,0,4,1,0,0,0,0,1,0,1,1,3,1,3,1,3,0,6,0,1,1,3,0,0,3,1,2,0,0,2,4,0,0,6,5,8,5,8791,1,0,3,3,0,2,2,5
66,GCC,267,192,145,186,120,308,87,131,132,122,81,106,178,147,150,143,112,94,72,80,95,124,55,78,46,64,37,81,74,77,56,112,188,210,111,156,255,533906,119,233,132,126,87,122,153,351,135,168,233,166,132,145,138,334,80,125,112,107,76,137,179,141,109,173
67,GGT,155,80,76,151,0,0,0,0,64,69,90,264,99,58,43,163,57,26,46,76,0,22,31,53,56,47,54,125,59,67,33,57,99,62,73,238,2,47,32,86,142,161,99,537172,142,97,70,303,118,80,63,146,0,59,54,72,105,64,100,303,116,93,78,151
68,CCG,91,49,87,73,69,39,152,48,49,31,55,56,82,43,61,75,67,30,194,70,338,112,538313,245,54,38,59,43,74,47,141,54,84,42,75,65,29,31,44,18,38,16,43,34,52,28,72,52,89,54,87,63,52,50,119,75,55,57,44,55,85,71,90,80
69,TGT,233,168,70,295,118,55,36,175,202,128,115,300,290,186,186,274,166,77,58,182,70,57,16,94,108,71,84,195,168,119,90,214,156,103,88,242,37,59,23,73,145,88,116,237,189,137,102,230,325,240,181,551,192,165,104,329,381,311,213,531366,298,196,215,671
70,GCA,159,102,57,132,399,73,62,100,101,54,51,84,179,89,72,116,117,93,50,134,153,58,52,65,67,31,26,44,97,57,40,89,272,82,70,176,533171,112,92,200,118,79,72,61,341,129,95,150,164,103,39,132,312,83,63,95,146,95,57,97,171,116,86,149
71,CTT,138,70,77,168,48,40,38,82,98,48,53,112,149,88,95,281,96,64,68,180,62,73,45,178,82,52,33,99,159,154,104,535545,90,42,33,97,23,32,9,63,41,19,56,90,77,67,58,159,133,71,71,189,42,40,39,119,79,73,51,104,173,113,109,309
72,CGC,87,61,43,73,54,60,56,57,68,131,40,46,58,73,47,75,79,167,40,110,52,65,44,56,130,537865,69,141,61,219,64,91,49,63,15,35,41,34,39,40,32,44,20,15,48,60,23,66,95,94,48,100,82,65,53,61,95,184,64,100,89,101,63,91
73,TTC,181,146,102,138,72,80,31,56,99,83,40,70,154,180,85,140,74,75,56,83,60,48,37,62,64,49,27,57,75,153,54,99,123,74,65,97,66,67,48,70,68,75,41,69,128,112,42,120,179,178,72,117,97,159,68,81,108,86,69,109,254,535421,136,231
74,ACC,98,146,50,93,204,538239,64,213,62,74,47,50,86,171,59,100,71,85,38,38,55,56,29,55,38,30,23,29,53,59,46,41,73,72,33,70,42,98,16,44,44,34,26,32,63,62,12,39,89,92,53,87,104,105,57,87,44,38,45,78,120,87,52,84
75,TCT,84,32,51,80,52,44,21,93,56,23,37,32,67,42,33,87,54,34,28,44,35,27,23,149,35,17,18,35,74,68,33,81,39,34,38,68,38,20,26,70,36,17,21,24,64,35,15,44,127,75,68,178,152,136,88,538853,67,68,38,85,143,110,81,214
76,GCA,131,75,17,102,316,61,21,54,99,60,18,60,66,66,14,66,70,21,14,56,41,29,15,16,59,28,10,25,57,22,13,52,166,80,71,80,538319,78,108,91,101,46,24,33,340,40,20,79,100,92,44,90,234,45,19,54,93,44,31,36,95,56,34,72
77,CGT,67,42,23,107,61,22,48,49,49,40,35,148,62,39,33,76,70,47,25,190,39,22,46,80,85,85,39,538957,87,54,36,217,24,28,9,54,26,16,30,36,26,17,10,86,64,10,33,88,65,28,29,78,28,25,43,44,35,18,3,189,55,33,43,85
78,TGC,258,209,146,166,137,126,39,106,197,206,65,149,191,153,134,145,116,82,62,92,59,63,38,47,87,152,39,63,79,60,38,69,217,107,97,118,99,93,48,70,128,160,66,44,155,104,84,127,212,425,156,214,141,140,66,110,288,534199,135,281,172,330,93,202
79,ATG,138,81,135,151,37,51,87,72,72,66,39,77,202,115,538006,296,67,41,62,78,27,20,40,37,31,20,21,20,70,46,78,87,50,53,45,81,18,21,31,37,29,15,32,31,87,30,114,74,133,44,98,107,34,40,48,70,86,67,49,80,109,94,159,155
80,GAG,32,16,61,20,26,16,17,18,18,24,46,28,28,14,48,43,38,9,110,21,16,20,12,17,20,9,19,10,25,14,22,18,88,37,540069,227,26,18,44,28,43,20,140,36,30,15,78,37,27,27,309,43,42,15,23,27,22,25,43,38,36,2,39,34
81,ACC,117,219,70,97,213,538542,97,152,101,56,38,69,117,168,55,119,59,2,49,37,82,73,46,68,29,37,13,28,50,54,27,61,98,92,36,66,48,128,37,50,44,33,23,31,50,64,46,68,108,66,60,64,52,90,39,71,59,38,42,43,94,74,54,78
82,ACC,235,193,139,205,389,535235,116,235,144,98,88,139,216,236,113,182,126,105,70,64,109,131,81,65,107,30,45,59,100,114,53,95,60,84,61,125,73,141,37,55,112,35,54,57,135,64,65,97,172,115,94,165,126,148,56,117,182,51,93,130,170,143,93,176
83,GTG,179,102,195,184,101,60,119,91,152,47,160,139,181,85,380,180,94,56,116,83,64,34,62,50,97,27,86,79,135,50,141,124,243,119,259,235,104,45,133,62,206,46,145,135,361,114,533432,430,219,127,198,200,116,30,104,78,210,61,130,164,167,117,342,183
84,AAC,285,537958,142,422,117,91,65,101,93,127,58,88,118,128,73,95,62,76,41,50,44,61,27,49,50,37,29,34,71,61,32,48,116,179,52,67,33,46,10,37,45,33,19,26,73,32,10,54,108,167,67,119,64,61,24,61,0,0,0,0,145,101,55,94
85,GCC,211,164,155,165,137,306,78,146,149,163,90,169,193,126,131,185,128,82,79,93,73,114,51,66,94,72,72,97,93,88,70,124,255,231,107,162,278,534297,114,200,97,130,82,130,183,190,97,198,186,159,141,168,97,263,71,119,121,147,70,90,174,132,134,189
86,CAT,220,111,137,491,141,92,75,192,95,101,39,188,261,202,140,302,250,228,227,532148,143,68,100,229,146,86,66,265,250,160,151,465,167,73,109,239,93,70,53,150,108,62,59,126,179,110,71,172,245,146,168,433,201,100,102,230,181,109,58,265,285,203,102,392
87,CAG,240,141,241,220,182,78,145,122,182,93,100,144,203,130,220,188,275,157,533130,374,137,93,121,104,136,92,193,138,193,121,250,186,204,94,128,157,85,61,60,112,133,24,37,81,145,108,146,148,208,176,354,236,184,106,125,142,195,74,121,183,167,142,230,262
88,ATC,253,280,95,289,192,217,91,185,152,199,81,175,422,533710,214,428,85,127,48,155,102,92,52,106,59,117,30,72,151,152,59,149,120,138,77,177,68,58,21,60,51,47,16,60,143,244,58,192,211,177,95,280,166,143,86,189,148,129,51,155,264,332,124,336
89,CTG,149,118,194,150,133,58,113,127,119,90,79,129,103,76,264,147,131,82,190,161,95,64,156,95,86,81,116,125,257,110,534473,331,99,64,107,88,80,44,87,75,106,46,76,106,145,63,184,165,178,106,190,183,108,84,156,156,131,119,175,143,226,153,342,258
90,CCC,53,94,25,47,82,144,42,65,27,40,16,52,56,81,36,88,76,198,73,115,202,538174,67,139,70,109,33,65,106,134,38,133,65,69,35,77,68,83,61,87,42,31,35,51,55,68,44,92,72,73,52,121,81,179,67,120,68,65,22,50,103,135,51,128
91,AAG,117,95,539834,256,29,29,59,33,50,35,135,56,65,50,72,68,43,22,69,38,19,18,26,32,33,13,31,36,49,22,46,25,64,31,61,37,18,12,36,33,36,9,42,29,55,26,38,49,69,42,77,59,37,37,33,21,40,29,32,57,50,52,67,72
92,GTC,115,65,77,90,94,69,41,83,63,72,24,45,101,94,74,93,74,60,28,67,47,49,29,63,54,44,38,43,64,68,57,86,93,91,59,84,51,65,25,56,72,55,48,100,227,529385,93,167,89,90,67,82,83,31,66,79,76,76,55,80,117,182,85,120
93,TTA,116,74,45,56,48,44,33,31,56,27,16,21,134,53,53,73,79,34,36,46,37,15,13,37,22,24,12,34,92,21,40,47,81,44,31,56,42,2,14,11,42,28,7,27,46,22,43,67,134,68,51,107,167,31,29,41,87,29,30,61,530731,66,113,121
94,CAT,39,35,19,105,37,15,22,46,29,22,13,18,24,29,14,43,64,60,42,532349,18,10,14,25,42,13,21,38,37,26,18,42,32,21,20,46,17,13,12,29,13,6,20,13,31,18,7,38,50,27,21,72,23,4,15,19,21,11,9,24,30,14,24,39
95,AAG,121,96,531269,122,47,45,56,40,52,20,75,35,53,43,60,66,41,27,46,49,19,14,25,12,26,22,22,21,41,30,34,46,40,33,100,32,43,16,30,20,32,19,20,19,25,28,38,49,78,45,73,58,56,27,29,37,49,32,17,27,72,58,66,55
96,AGG,39,27,54,12,26,29,25,28,57,43,532549,93,50,35,104,36,10,28,9,18,28,19,10,31,22,17,14,29,17,21,16,26,22,20,9,26,17,10,6,17,21,12,75,28,33,14,4,16,16,21,14,6,30,14,8,18,21,20,28,15,28,23,22,28
97,ACT,46,50,28,94,58,46,28,532313,19,11,16,13,38,30,12,84,42,25,29,46,9,9,10,28,26,16,13,27,34,10,5,45,20,30,3,33,26,11,14,51,15,13,9,12,27,9,19,49,42,32,24,31,38,16,26,43,28,22,24,26,47,42,7,84
98,CTT,75,56,41,76,50,44,22,43,41,30,18,47,71,43,28,158,54,47,37,101,42,42,21,136,32,33,25,68,77,124,37,530895,45,52,23,44,35,19,12,17,17,15,17,20,49,52,36,67,64,23,31,51,46,41,21,66,51,37,26,46,68,65,53,115
99,GGA,86,49,34,60,63,39,23,56,93,33,35,46,80,57,22,60,60,35,37,63,36,36,32,21,43,18,42,45,66,38,29,53,101,46,39,63,80,27,36,44,530763,53,78,54,168,26,41,61,87,55,53,71,67,38,46,48,140,44,55,48,60,55,55,60
100,CTC,99,95,81,76,70,67,39,108,56,75,30,46,103,167,65,107,90,129,70,95,62,104,36,62,76,72,46,89,184,529336,72,146,58,53,41,80,56,35,41,41,55,42,36,29,81,69,31,84,82,100,61,87,63,51,49,103,77,72,42,58,93,210,60,123
101,CCA,85,35,49,44,146,26,33,50,57,28,65,52,80,45,46,81,177,40,55,42,530296,39,179,77,59,31,32,22,134,59,55,72,68,24,34,59,44,39,22,38,40,34,18,45,71,29,29,24,80,54,61,74,100,39,39,56,73,33,38,51,90,51,47,85
102,GCA,102,35,41,52,157,40,43,31,28,46,23,53,83,37,29,61,54,30,33,62,64,33,21,22,38,38,17,45,38,41,29,37,129,64,29,78,530574,38,48,65,47,38,30,58,235,47,45,58,66,51,39,65,192,37,47,55,56,50,16,63,79,55,44,100
103,ATG,106,76,128,85,78,38,67,59,65,54,50,71,184,107,529219,278,62,35,28,71,22,20,30,27,52,27,22,49,59,37,78,77,84,36,22,82,28,23,41,50,42,21,39,43,89,31,52,79,114,78,104,107,69,34,64,98,107,58,83,136,124,93,153,182
104,TCA,156,99,86,124,171,69,65,120,149,50,69,114,164,123,108,149,105,35,73,111,131,83,60,92,98,47,34,66,102,95,60,106,115,48,55,126,149,76,55,67,86,61,55,66,132,69,60,140,290,131,105,220,526900,179,149,263,160,93,79,142,320,173,120,284
105,ACG,78,46,101,97,97,64,530507,251,32,30,63,58,79,69,230,104,54,33,47,56,35,39,54,55,40,30,19,33,47,31,36,64,36,29,31,35,21,9,61,25,31,21,27,23,45,29,44,35,66,48,42,81,67,44,67,58,44,48,39,51,78,47,65,112
106,ACC,102,155,86,103,216,528971,115,177,78,81,68,47,148,211,107,101,58,75,40,55,57,96,50,70,59,58,45,31,83,79,46,52,66,112,58,48,53,98,36,55,78,44,56,34,74,69,55,28,89,110,56,94,96,113,66,86,69,80,56,39,129,115,79,88
107,GAC,74,128,43,70,46,55,39,52,63,44,14,46,68,68,52,98,57,79,19,65,33,25,29,49,46,25,17,46,57,52,20,60,108,529998,84,140,92,43,43,60,63,33,35,48,105,116,56,85,80,317,41,112,65,80,32,47,60,50,22,79,104,92,73,134
108,CTT,111,53,73,151,58,46,34,110,89,43,46,93,144,76,87,252,88,61,80,161,75,66,37,155,68,62,35,85,165,175,118,528169,86,58,48,61,60,39,30,51,56,24,15,59,48,38,62,46,122,68,91,132,89,49,35,94,78,54,20,99,133,147,99,226
109,GAG,72,43,110,73,54,48,32,51,60,37,33,40,79,54,86,72,43,34,56,51,22,28,20,27,23,38,19,24,37,29,41,56,69,63,530544,197,35,22,32,76,52,34,166,37,59,14,77,52,75,49,178,50,67,43,58,51,28,43,43,38,77,62,87,89
110,GCC,97,79,65,83,86,143,46,75,70,67,31,89,87,85,71,104,56,44,28,73,57,78,59,62,35,70,21,54,92,82,65,97,122,157,47,104,223,528801,74,144,75,80,54,79,112,158,66,96,84,107,67,93,77,153,51,61,55,103,61,74,118,113,74,136
111,TAC,118,137,74,140,71,80,50,78,94,59,58,74,89,155,83,167,78,194,52,94,69,38,41,52,51,51,42,97,109,97,70,133,104,110,58,99,67,47,47,79,92,41,47,79,129,65,63,116,233,527994,124,247,120,105,70,100,103,129,62,138,185,158,107,156
112,TTC,83,68,54,71,39,42,31,44,60,44,36,52,97,78,74,63,56,36,25,41,28,22,20,19,42,41,31,25,41,69,45,51,78,56,44,68,53,30,28,21,39,26,49,49,71,65,50,54,80,73,49,72,67,68,48,34,80,67,56,87,167,530579,76,102
113,AAA,530039,102,65,157,103,61,59,61,110,44,34,43,86,71,60,101,77,45,50,55,48,43,20,37,41,29,23,34,60,46,38,57,141,54,37,57,41,22,40,39,53,27,39,37,37,42,38,43,139,56,53,102,87,55,63,50,74,50,58,46,78,87,66,75
114,GAC,61,64,27,43,36,40,23,32,49,29,14,30,51,44,21,56,24,1,19,27,39,26,22,24,14,11,8,18,41,42,17,35,85,531670,41,69,41,38,26,30,35,36,24,32,37,45,22,40,70,177,42,52,47,42,32,50,29,28,14,25,57,52,37,59
115,TGT,98,74,93,112,75,60,49,71,93,39,60,90,99,76,85,97,46,46,50,88,8,19,21,57,41,34,29,133,67,36,30,50,42,42,60,68,41,38,42,56,54,41,59,87,75,40,75,81,131,88,82,180,74,29,61,103,76,89,87,529206,143,82,96,190
116,GTG,77,40,44,49,36,37,27,19,32,43,31,34,60,41,66,47,29,19,36,26,15,7,12,13,38,15,16,22,29,18,41,23,37,46,58,31,29,15,36,12,39,20,45,35,128,15,531665,151,56,38,61,36,50,11,20,19,38,17,33,57,53,30,176,71
117,TTT,73,40,26,55,19,36,23,38,38,40,32,37,71,35,44,83,37,10,10,40,17,17,14,26,23,12,24,27,30,23,22,77,50,18,31,40,30,27,12,28,41,25,17,22,59,23,19,57,70,57,42,75,38,15,11,51,32,41,38,57,102,108,58,531574
118,AAG,214,117,528835,303,30,38,108,79,75,62,182,77,150,84,131,124,87,53,78,81,24,29,54,56,44,38,54,45,74,42,69,66,45,40,133,75,60,44,55,49,89,25,59,49,63,47,69,70,150,64,117,108,70,49,78,88,88,53,72,74,113,92,97,153
119,GAC,84,70,30,73,54,40,31,49,27,26,26,44,69,63,47,87,52,48,41,55,33,27,20,33,30,19,34,44,39,14,25,62,185,530781,48,77,54,51,24,42,36,60,16,50,63,54,43,63,79,204,43,81,65,55,33,67,36,36,30,49,87,63,30,121
120,TGG,267,171,207,232,101,95,134,143,210,61,231,142,279,134,258,236,183,81,129,147,47,11,74,75,93,45,170,60,150,71,114,136,186,102,156,174,82,46,76,78,159,59,181,117,190,86,136,127,274,178,295,256,124,46,169,105,294,159,523985,364,291,219,449,327
121,GAG,141,64,177,147,70,71,104,103,120,70,85,126,149,83,148,168,67,43,57,72,37,31,30,47,35,17,36,20,55,38,62,48,236,101,527715,208,40,45,68,59,122,53,290,74,141,94,128,137,150,114,242,164,103,87,72,118,134,58,81,110,173,118,120,160
122,GAG,180,62,195,164,70,27,70,67,150,60,106,92,125,56,120,123,109,43,126,94,61,15,43,23,71,27,46,57,76,36,77,92,295,76,527942,165,81,49,101,85,140,42,141,105,126,23,103,103,170,83,275,204,83,28,80,55,143,52,106,97,141,60,97,150
123,CTG,86,53,110,103,76,45,50,91,69,57,76,90,114,62,188,109,110,57,104,109,68,33,170,67,65,39,96,108,156,87,528758,227,74,33,73,61,38,29,50,73,64,28,68,54,70,56,120,68,95,61,87,105,68,32,62,93,77,57,82,74,102,74,227,134
124,GGG,115,78,103,93,59,48,70,58,72,56,130,110,92,93,96,126,58,54,70,103,78,41,51,61,46,31,57,60,80,62,58,105,101,57,101,104,58,58,88,59,168,98,528171,292,79,104,220,109,128,73,97,105,97,54,73,90,95,64,244,113,127,119,124,174
125,GAG,164,132,180,146,99,76,96,77,126,105,102,121,129,87,159,160,105,62,112,81,75,33,57,54,44,33,60,57,84,45,56,59,211,136,526544,276,82,58,110,81,98,74,748,121,135,103,138,148,150,134,277,131,95,71,72,110,122,66,89,108,139,105,109,131
126,GAG,167,134,168,211,119,18,88,135,113,88,94,149,138,135,123,223,121,123,133,137,72,39,68,84,92,57,65,101,91,54,90,123,252,156,524957,329,117,76,239,119,145,126,308,133,153,122,285,207,205,153,256,215,159,96,123,174,144,133,110,178,234,159,179,241
127,ATT,265,177,150,253,155,77,88,189,199,140,105,187,323,201,184,523486,165,131,113,203,104,51,51,130,89,75,71,103,224,159,141,292,188,143,110,162,92,76,63,120,156,105,79,127,188,162,91,269,251,216,151,301,176,129,88,218,176,137,116,190,298,258,188,455
128,AGG,149,126,137,145,118,95,108,146,177,112,525592,216,193,151,277,206,98,90,90,144,71,43,83,94,69,105,83,129,111,110,120,171,136,99,84,146,90,60,82,100,100,73,213,126,125,114,122,164,159,147,117,189,144,105,97,158,106,111,163,216,184,157,173,268
129,TTA,185,124,100,152,102,71,91,79,138,76,72,136,194,127,113,160,104,62,71,99,64,48,30,62,82,37,46,63,115,85,60,123,152,76,76,110,100,51,71,79,110,64,75,78,154,78,92,124,227,133,93,189,155,107,93,162,156,96,88,174,526827,172,146,320
130,AAG,179,142,528711,222,95,90,90,92,100,53,145,73,128,89,109,146,68,69,80,72,48,45,58,34,54,37,45,61,56,63,74,89,80,63,76,63,48,50,53,44,53,41,60,46,98,78,36,75,116,126,113,95,100,78,77,103,72,102,73,74,103,107,103,152
131,GTC,49,61,36,62,59,49,34,48,50,40,27,42,57,72,48,49,81,56,45,64,43,29,29,35,33,21,30,60,68,62,54,61,49,72,33,59,56,68,22,35,43,42,29,28,116,530760,33,87,88,67,44,73,64,71,41,68,58,64,45,71,86,101,47,86
132,TTT,108,78,56,103,57,44,50,59,86,67,31,62,70,70,48,103,51,61,49,89,37,35,22,44,47,20,25,29,38,23,30,101,51,64,51,54,36,28,36,54,64,53,36,37,71,44,40,95,96,78,80,118,75,27,48,140,82,64,55,96,99,131,79,529844
133,GTA,80,50,52,74,63,34,30,36,48,30,28,64,100,57,55,81,76,18,43,44,35,29,13,27,33,23,34,34,65,27,27,71,97,41,41,46,80,28,26,42,56,36,28,60,530658,65,88,100,79,55,41,77,47,51,40,64,57,30,41,76,189,77,55,104
134,TTA,11,11,15,27,9,8,18,31,22,11,5,16,21,21,28,27,18,16,11,31,17,14,6,9,14,8,18,8,26,14,11,33,12,12,11,20,14,5,12,21,12,14,7,16,27,18,9,28,33,43,31,39,52,20,19,44,27,6,17,28,532472,39,158,82
135,GGA,111,70,63,93,83,73,47,55,82,30,47,34,85,103,58,80,89,58,60,50,64,64,32,35,72,39,24,55,73,80,42,63,91,69,31,56,54,32,34,52,529891,72,101,55,131,46,45,37,89,86,64,58,81,81,42,80,140,31,46,64,86,91,60,64
136,GGC,122,97,54,80,73,87,65,60,77,77,50,65,99,88,76,88,69,75,51,122,76,55,51,30,51,67,43,71,97,63,50,97,85,130,46,81,76,49,39,53,146,529127,45,114,96,144,40,77,90,97,77,86,79,65,44,75,66,183,62,92,112,94,83,123
137,TGT,36,29,29,53,33,26,32,26,30,20,22,51,33,25,28,33,14,18,8,23,13,12,10,20,7,9,15,84,26,12,21,29,35,22,32,25,19,12,17,22,17,9,12,26,21,25,20,27,48,27,28,188,20,22,10,31,31,37,17,532249,35,32,20,118
138,AGG,48,49,61,65,60,21,36,30,115,64,530885,150,59,51,162,71,35,40,47,32,23,24,14,32,32,21,25,38,30,27,22,55,34,21,43,61,19,22,17,34,38,20,172,40,51,32,50,72,58,44,55,49,34,29,36,44,39,41,86,53,49,48,66,54
139,CAT,134,82,87,271,93,58,65,109,93,76,71,95,172,75,121,175,201,145,72,527021,50,33,40,76,91,48,67,142,146,114,97,198,126,59,71,145,85,45,73,107,70,64,61,92,116,87,69,159,136,78,108,345,139,64,55,135,111,60,75,144,146,131,102,226
140,AAA,527807,122,132,167,94,14,28,61,145,55,62,81,168,84,80,139,116,44,44,56,49,12,13,21,44,11,22,45,57,40,31,57,210,47,63,116,60,23,34,30,61,59,52,38,73,69,52,95,179,90,90,139,100,41,48,62,77,39,50,82,145,79,60,122
141,TTG,72,60,67,73,50,38,50,58,59,30,61,40,87,65,97,109,54,39,61,35,33,24,49,49,38,21,33,37,58,35,65,66,47,18,49,53,20,18,9,23,38,13,38,34,45,36,76,80,105,73,127,115,84,52,71,82,64,43,83,66,159,97,527594,220
142,GTC,98,74,37,93,62,59,40,60,61,32,17,64,77,106,33,81,49,59,30,50,41,46,19,32,38,31,15,31,47,73,22,88,107,103,54,75,63,63,31,76,78,56,30,50,204,529315,64,147,80,70,42,72,68,68,25,92,68,29,40,51,104,141,43,108
143,TGC,179,97,89,102,103,65,38,76,120,129,79,71,157,96,75,136,86,94,54,73,55,61,30,56,47,88,34,54,71,52,28,105,106,63,86,63,89,51,63,68,64,77,49,28,88,79,83,77,178,190,109,69,94,61,53,111,218,526882,96,343,166,252,119,137
144,GCA,169,97,74,143,303,43,79,92,32,69,66,95,149,64,37,125,78,41,47,76,73,48,43,83,28,27,37,51,50,41,37,77,221,52,72,118,527936,62,112,118,83,41,58,70,226,55,74,120,164,60,72,111,255,47,48,120,38,42,48,50,126,84,74,143
145,CCA,42,28,27,52,107,32,40,62,36,12,11,44,54,44,40,50,148,42,36,70,530443,71,133,119,58,22,26,55,173,61,63,88,32,22,14,39,31,22,17,18,33,2,11,26,36,18,26,48,69,35,41,68,171,50,24,76,39,12,4,21,95,62,59,98
146,GCA,126,75,88,119,278,77,76,79,98,48,44,71,144,86,72,108,81,84,56,94,120,38,35,60,63,32,33,65,120,44,77,98,225,52,73,100,527506,85,41,106,135,56,75,85,262,63,57,90,147,96,90,121,246,65,59,119,125,61,83,90,184,119,67,151
147,CCA,87,58,47,61,157,59,29,78,64,14,10,63,95,71,52,105,188,76,53,106,529400,57,77,116,62,28,12,45,169,47,58,121,82,39,26,60,70,34,22,46,43,11,4,35,73,45,14,87,99,80,62,115,160,54,49,84,61,36,2,74,141,92,62,151
148,TGC,110,106,98,129,58,79,50,96,115,144,87,130,173,148,111,152,72,68,71,102,69,63,39,91,74,196,59,128,99,108,100,139,79,110,74,132,78,64,62,105,93,133,58,151,143,146,80,128,154,256,113,184,133,152,77,151,220,525761,137,286,206,323,146,237
149,AAC,217,528359,125,206,81,85,67,95,82,68,45,86,130,95,94,132,83,85,46,88,39,27,39,40,55,43,25,47,72,56,61,91,101,104,64,110,70,50,39,43,62,43,37,63,84,64,57,116,141,105,84,86,78,55,63,91,75,60,8,51,142,93,77,163
150,TTT,109,91,86,200,105,78,67,174,72,64,49,139,141,111,118,319,118,114,84,178,77,78,49,148,64,57,56,125,155,125,85,352,76,64,40,102,89,60,50,90,53,70,32,72,139,129,80,217,141,153,135,307,171,142,109,277,94,101,96,230,301,287,215,524549
151,TTC,106,88,64,109,67,82,67,94,56,60,39,78,137,137,91,163,84,65,49,93,54,64,53,92,64,52,54,64,99,115,60,85,84,48,52,79,60,57,45,61,65,36,34,78,107,117,64,112,143,125,93,173,99,101,68,118,97,98,70,129,247,527994,146,299
152,ACC,87,166,48,120,205,526081,98,152,108,82,68,96,145,168,97,150,73,105,49,98,57,51,63,83,56,78,34,64,112,77,55,97,83,78,55,74,83,125,71,82,74,55,54,68,94,87,79,126,107,136,83,141,114,156,73,128,94,89,77,100,133,124,124,171
153,TCT,142,96,86,129,74,75,97,150,87,56,86,114,138,103,99,193,91,84,70,100,69,51,63,181,68,53,51,69,88,92,78,136,119,75,87,117,95,55,69,94,68,69,57,81,103,91,85,115,163,106,94,277,142,136,122,526048,83,97,88,174,153,141,126,235
154,GCC,84,68,89,94,55,165,59,64,70,48,62,81,84,68,81,98,92,60,67,55,51,55,48,58,33,31,27,74,68,59,64,100,119,143,80,98,148,527645,60,113,58,56,74,107,111,153,72,138,116,75,108,120,80,115,67,88,57,85,52,90,122,78,82,143
155,TAA,156,93,75,86,98,91,35,85,73,44,52,68,108,60,60,120,164,58,46,84,53,35,53,58,54,28,42,72,84,74,46,83,106,46,42,96,88,33,41,47,58,42,51,67,107,81,60,98,526698,85,90,183,87,63,62,107,111,73,61,102,165,138,87,170
